{"cameraMode":{"drawMode":0,"name":"Shaded","section":"Shading Mode"},"sceneLighting":false,"audioPlay":false,"sceneViewState":{"showFog":true,"showMaterialUpdate":false,"showSkybox":true,"showFlares":true,"showImageEffects":true,"showParticleSystems":true},"in2DMode":false,"pivot":{"x":5.3169941902160648,"y":5.432229518890381,"z":-9.48786735534668},"rotation":{"x":0.2023216336965561,"y":0.476874440908432,"z":-0.11393420398235321,"w":0.8478785753250122},"size":39.563995361328128,"orthographic":false}