{"cameraMode":{"drawMode":0,"name":"Shaded","section":"Shading Mode"},"sceneLighting":false,"audioPlay":false,"sceneViewState":{"m_AlwaysRefresh":false,"showFog":true,"showSkybox":true,"showFlares":true,"showImageEffects":true,"showParticleSystems":true,"showVisualEffectGraphs":true,"m_FxEnabled":true},"in2DMode":false,"pivot":{"x":0.9546653628349304,"y":2.9090662002563478,"z":-0.9142200946807861},"rotation":{"x":-0.08138382434844971,"y":0.9187848567962647,"z":-0.2724689543247223,"w":-0.2742319703102112},"size":0.3099837899208069,"orthographic":false}